{
  "best_model": "mlp_regressor",
  "rows_raw": 652,
  "rows_used_after_filter": 394,
  "feature_count": 16,
  "target": "oilRecovery",
  "models": {
    "random_forest": {
      "train": {
        "r2": 0.8794901266067888,
        "mae": 7.556740284443067,
        "rmse": 9.1972864636604
      },
      "test": {
        "r2": 0.4957777261505898,
        "mae": 15.912096105537728,
        "rmse": 18.888991589994646
      }
    },
    "mlp_regressor": {
      "train": {
        "r2": 0.4923954837452822,
        "mae": 15.793545752543627,
        "rmse": 18.876050783959137
      },
      "test": {
        "r2": 0.5393603035640291,
        "mae": 15.194985944054423,
        "rmse": 18.054207959326657
      }
    }
  }
}